{"timestamps": [1463925036.963235], "initial_reset_timestamp": 1463925036.76126, "episode_lengths": [23], "episode_rewards": [0.0]}